# 09_LVGL_App_Launcher partition table (16 MB flash), shared with the AI Voice (xiaozhi) firmware.
# Two independent A/B app pairs: the Launcher OTA only uses app0/app1, AI Voice only voice0/voice1.
# Code for every Launcher module is linked into one app image; each module also owns a
# data partition that can be OTA-updated on its own (custom data subtypes 0x41-0x47).
# Name,     Type, SubType,  Offset,   Size
nvs,        data, nvs,      0x9000,   0x5000
otadata,    data, ota,      0xe000,   0x2000
app0,       app,  ota_0,    0x10000,  0x200000
app1,       app,  ota_1,    0x210000, 0x200000
voice0,     app,  ota_2,    0x410000, 0x380000
voice1,     app,  ota_3,    0x790000, 0x380000
assets,     data, spiffs,   0xB10000, 0x300000
board,      data, 0x41,     0xE10000, 0x10000
protocol,   data, 0x43,     0xE20000, 0x10000
server,     data, 0x44,     0xE30000, 0x10000
audio,      data, 0x42,     0xE40000, 0x40000
apps,       data, 0x45,     0xE80000, 0x80000
components, data, 0x46,     0xF00000, 0x40000
launcher,   data, 0x47,     0xF40000, 0x80000
storage,    data, fat,      0xFC0000, 0x30000
coredump,   data, coredump, 0xFF0000, 0x10000
